<?xml version="1.0" encoding="utf-8"?>
<install type="component" version="1.5.0">
	<name>Tageler</name>
	<!-- The following elements are optional and free of formatting conttraints -->
	<creationDate>17.05.2010</creationDate>
	<author>R. Baumgartner</author>
	<authorEmail>robin@baumgartners.ch</authorEmail>
<!-- 	<authorUrl>http://www.example.org</authorUrl> -->
<!-- 	<copyright>Copyright Info</copyright> -->
	<license>GNU/GPL</license>
	<!--  The version string is recorded in the components table -->
	<version>1.0</version>
	<!-- The description is optional and defaults to the name -->
	<description>Tageler Component für das Anzeigen und Bearbeiten der Tageler</description>

	<!-- Site Main File Copy Section -->
	<files folder="site">
		<filename>controller.php</filename>
		<filename>tageler.php</filename>
		<filename>index.html</filename>
		<filename>models/tageler.php</filename>
        <filename>views/index.html</filename>
		<filename>views/tageler/index.html</filename>
		<filename>views/tageler/view.html.php</filename>
		<filename>views/tageler/tmpl/index.html</filename>
		<filename>views/tageler/tmpl/default.php</filename>
	</files>

	<install>
		<sql>
			<file charset="utf8" driver="mysql">install.sql</file>
		</sql>
	</install>
	<uninstall>
		<sql>
			<file charset="utf8" driver="mysql">uninstall.sql</file>
		</sql>
	</uninstall>	

	<administration>
		<!-- Administration Menu Section -->
		<menu>Hello World!</menu>
		
		<!-- Administration Main File Copy Section -->
		<!-- Note the folder attribute: This attribute describes the folder
			to copy FROM in the package to install therefore files copied
			in this section are copied from /admin/ in the package -->
		<files folder="admin">
			<!-- Site Main File Copy Section -->
			<filename>index.html</filename>
			<filename>install.sql</filename>
			<filename>uninstall.sql</filename>
        </files>		
	</administration>
</install>
